"id","text","created_at","did_report_as_spam","owner.id","owner.is_verified","owner.profile_pic_url","owner.username","likes","comments"
"17880898318236391","Chicas donde esta ubicado el local???",1529447847,false,"2053782061",false,"https://instagram.fscl11-1.fna.fbcdn.net/v/t51.2885-19/s150x150/114757555_752479795509212_4903120916150505483_n.jpg?_nc_ht=instagram.fscl11-1.fna.fbcdn.net&_nc_ohc=zuxUXfOj0_oAX9Ul7oL&tp=1&oh=43266faa7aff36fedb51d0eeddb32a22&oe=5FE74580","wale_dossow",1,1
"17854367284266766","De qu√© talla tienen los body?",1529448059,false,"370037692",false,"https://instagram.fscl11-1.fna.fbcdn.net/v/t51.2885-19/s150x150/18580308_428287334216800_4142860853118500864_a.jpg?_nc_ht=instagram.fscl11-1.fna.fbcdn.net&_nc_ohc=RPoTeABioiwAX9y8Tou&tp=1&oh=243dd7cc6f708b5475ce22b20880352a&oe=5FE63D89","loreto_al",0,1
"17938876315112350","Holaa... envia a regiones??",1529449162,false,"433614699",false,"https://instagram.fscl11-1.fna.fbcdn.net/v/t51.2885-19/s150x150/101413009_680525362728226_7645353584325820416_n.jpg?_nc_ht=instagram.fscl11-1.fna.fbcdn.net&_nc_ohc=rrZj3aIKfFoAX-IHuon&tp=1&oh=fef3384ed97b433092327d8fd65b319e&oe=5FE7C3A9","nikolitaz",1,1
"17954107981032861","Valores ?",1529452485,false,"1527761927",false,"https://instagram.fscl11-1.fna.fbcdn.net/v/t51.2885-19/s150x150/118545848_340347360492441_6332819060225926313_n.jpg?_nc_ht=instagram.fscl11-1.fna.fbcdn.net&_nc_ohc=cjGRlDsnk8EAX-Poc1Z&tp=1&oh=2a40efe5c0e78d68dc8e0854e14976f1&oe=5FE5E440","bianca.massiel",1,2
"17939394403114632","Precio por favor",1529453135,false,"1747802287",false,"https://instagram.fscl11-1.fna.fbcdn.net/v/t51.2885-19/s150x150/52065964_2354734858087730_1477082902847029248_n.jpg?_nc_ht=instagram.fscl11-1.fna.fbcdn.net&_nc_ohc=YHgS6IhlS5QAX9DcVkX&tp=1&oh=66fe04eab2dbedf18d159300f3eb86d1&oe=5FE63983","gomaryuri",1,1
"17854569634271871","Valor !!",1529453186,false,"284558271",false,"https://instagram.fscl11-1.fna.fbcdn.net/v/t51.2885-19/s150x150/39894928_505701363175872_3785667643088830464_n.jpg?_nc_ht=instagram.fscl11-1.fna.fbcdn.net&_nc_ohc=etc6hq83zEsAX-xMcHz&tp=1&oh=140c507b2d8af9b9e3c8dad4d596f945&oe=5FE4C27D","marijoval_",1,1
"17894695027205637","Precio por favor",1529455158,false,"2211590909",false,"https://instagram.fscl11-1.fna.fbcdn.net/v/t51.2885-19/s150x150/123247360_3885603824802156_8802402434597645071_n.jpg?_nc_ht=instagram.fscl11-1.fna.fbcdn.net&_nc_ohc=4qwz5EYdYiEAX-xMpcm&tp=1&oh=aeca7d73522ad5f2856207492ace92a2&oe=5FE63F31","oriana_0412",1,1
"17864349715251577","Podrian subir m√°s fotos de cada uno üòçüíñ se ven beeelloos !",1529458942,false,"340337758",false,"https://instagram.fscl11-1.fna.fbcdn.net/v/t51.2885-19/s150x150/120623344_368251034212117_7450986036357326000_n.jpg?_nc_ht=instagram.fscl11-1.fna.fbcdn.net&_nc_ohc=OTUE1j6L1ucAX_UB5qJ&tp=1&oh=c21d472ba5d369d0d17b5be28c209bd5&oe=5FE433BF","camimchigo",1,1
"17954119996034939","@fronbarcelo viste esto?",1529466246,false,"1722833442",false,"https://instagram.fscl11-1.fna.fbcdn.net/v/t51.2885-19/s150x150/29094446_1072960876179950_7208396913144496128_n.jpg?_nc_ht=instagram.fscl11-1.fna.fbcdn.net&_nc_ohc=9iBnL7SCvjoAX-IrpF6&tp=1&oh=5f5f380f2990b7e157c34d1d29f63e8a&oe=5FE4C07E","catalinagrassau",2,1
"17945727100072193","Hola tienen alguno con escote en la espalda y manga larga?",1529545725,false,"245819606",false,"https://instagram.fscl11-1.fna.fbcdn.net/v/t51.2885-19/s150x150/122714177_709008423071367_5983672717122219803_n.jpg?_nc_ht=instagram.fscl11-1.fna.fbcdn.net&_nc_ohc=QpxZ3hyGGTUAX-2M67T&tp=1&oh=defda839ece20fea1a004499ea7af6c2&oe=5FE5B63E","tita.moreno.m",0,0